{"cameraMode":{"drawMode":0,"name":"Shaded","section":"Shading Mode"},"sceneLighting":true,"audioPlay":false,"sceneViewState":{"showFog":true,"showMaterialUpdate":false,"showSkybox":true,"showFlares":true,"showImageEffects":true,"showParticleSystems":true},"in2DMode":false,"pivot":{"x":706.5453491210938,"y":266.03253173828127,"z":-385.002685546875},"rotation":{"x":0.0010986339766532183,"y":0.9900022745132446,"z":-0.14083558320999146,"w":0.007722935173660517},"size":1873.7235107421875,"orthographic":false}