{"cameraMode":{"drawMode":0,"name":"Shaded","section":"Shading Mode"},"sceneLighting":true,"audioPlay":false,"sceneViewState":{"showFog":true,"showMaterialUpdate":false,"showSkybox":true,"showFlares":true,"showImageEffects":true,"showParticleSystems":true},"in2DMode":false,"pivot":{"x":543.7559814453125,"y":292.548095703125,"z":-5.0574951171875},"rotation":{"x":-0.07821707427501679,"y":0.01972026564180851,"z":-0.0015479682479053736,"w":-0.9967401027679443},"size":752.4685668945313,"orthographic":false}