{"cameraMode":{"drawMode":0,"name":"Shaded","section":"Shading Mode"},"sceneLighting":true,"audioPlay":false,"sceneViewState":{"showFog":true,"showMaterialUpdate":false,"showSkybox":true,"showFlares":true,"showImageEffects":true,"showParticleSystems":true},"in2DMode":false,"pivot":{"x":-373.37957763671877,"y":350.1495361328125,"z":-0.026421010494232179},"rotation":{"x":-0.1609955132007599,"y":-0.08516167849302292,"z":0.013945342972874642,"w":-0.9831752181053162},"size":12.302717208862305,"orthographic":false}