{"cameraMode":{"drawMode":0,"name":"Shaded","section":"Shading Mode"},"sceneLighting":true,"audioPlay":false,"sceneViewState":{"showFog":true,"showMaterialUpdate":false,"showSkybox":true,"showFlares":true,"showImageEffects":true,"showParticleSystems":true},"in2DMode":false,"pivot":{"x":-373.1940002441406,"y":350.11181640625,"z":0.0042733848094940189},"rotation":{"x":-0.048288725316524509,"y":-0.00989091582596302,"z":0.0004782200849149376,"w":-0.9987843632698059},"size":0.2857418656349182,"orthographic":false}